ID,Song Title,Tempo,Duration,Year,Album,Artist,Writers,Producer,Url,Start,End,Trim Offset (s),Tags
GR0001,Lavara & Balaclava In C Minor,73,04:08:00,2023,Arte Povera,Beats Pliz,SADAM (GRC),Beats Pliz,https://www.youtube.com/watch?v=dFyfRdS6UEw,,,0.331,underground rap; trap; drill
GR0002,AIMA,152,04:01:00,2025,KYSIΩΝ SOCIATUS ,Billy Sio,"Billy Sio, DuKYS, BORAC (GR)",nxnsense,https://www.youtube.com/watch?v=fLa2kS5L4O4&t=1141s,19:01:00,23:00:00,0.939,trap; hip hop
GR0003,QUE PASA,89,02:33:00,2025,KYSIΩΝ SOCIATUS ,Billy Sio,"Billy Sio, DuKYS",Cloudthougts,https://www.youtube.com/watch?v=fLa2kS5L4O4,00:00:00,02:32:00,0.117,trap; hip hop; experimental hip hop
GR0004,Antigonidon,93,04:34:00,2025,Fthina Tricks 3,Bloody Hawk,"Bloody Hawk, LEX (GRC)","Ortiz, DNL (GRC), Mateos Nps",https://www.youtube.com/watch?v=U0Bf8E1SPRo,,,0.299,trap; hip hop
GR0005,Daewoo 2,97,03:33:00,2019,1 Evro,Bloody Hawk,Bloody Hawk,Mateos Nps,https://www.youtube.com/watch?v=9-i2ufMa0bU,,,0.139,hip hop
GR0006,Dilima,89,04:11:00,2019,1 Evro,Bloody Hawk,Bloody Hawk,Beef95,https://www.youtube.com/watch?v=BcqkuOWSEs0,,,0.227,hip hop
GR0007,Eimaste Allios,74,03:42:00,2019,1 Evro,Bloody Hawk,Bloody Hawk,Chico Beatz,https://www.youtube.com/watch?v=OntmnNAD-lw,,,0.139,hip hop
GR0008,Piso Pali,104,05:14:00,2019,1 Evro,Bloody Hawk,Bloody Hawk,Trouf,https://www.youtube.com/watch?v=UKvF7wOMrWo,,,0.152,hip hop
GR0009,To Eikosalepto,89,05:22:00,2019,1 Evro,Bloody Hawk,Bloody Hawk,Chico Beatz,https://www.youtube.com/watch?v=JV4y1cEDFPM,,,0.154,hip hop
GR0010,Enteka Eikosipente,95,04:23:00,2009,Arkham Asylum,Bong Da City,"Inka (GRC), E.P. (GRC), Kako (GRC), Mani (GRC), Styl Mo, Tsaki",Mani (GRC),https://www.youtube.com/watch?v=-r-7sgbIXQE,,,0.149,underground rap; trap; hip hop
GR0011,Files Kai Filoi,135,03:24:00,2025,,Dani Gambino,"Tsaki, Dani Gambino","Th Mark, Mpelafon",https://www.youtube.com/watch?v=rA7628Ms1Gs,,,0.000,underground rap; trap; drill; hip hop
GR0012,Mavro Delorean,117,02:44:00,2021,SESSIONS,Dof Twogee,Dof Twogee,Pop Genius,https://www.youtube.com/watch?v=pezzwdDaWhg,,,0.053,underground rap; drill
GR0013,Siragga,147,03:08:00,2015,Mavro Aftokinito,Mikros Kleftis,Mikros Kleftis,Asto Pasam,https://www.youtube.com/watch?v=22m-GWmHpS0,,,0.245,underground rap; hip hop
GR0014,Sklira Potiria,139,03:46:00,2015,Mavro Aftokinito,Mikros Kleftis,"Zinon, Mikros Kleftis",Mikros Kleftis,https://www.youtube.com/watch?v=WbflAFYCxWg,,,0.085,underground rap; hip hop
GR0015,Mistiko,169,03:11:00,2015,Mavro Aftokinito,Mikros Kleftis,Mikros Kleftis,Mikros Kleftis,https://www.youtube.com/watch?v=tgDBk6Yg49w,,,0.096,underground rap; hip hop
GR0016,HOT WHEELS,131,02:54:00,2023,CASH OUT ,Mikros Kleftis,"Tsaki, Mikros Kleftis",Jessy Blue,https://www.youtube.com/watch?v=qfcxjh0wSBs,,,0.000,underground rap; trap
GR0017,LOADOUT,129,03:14:00,2023,CASH OUT ,Mikros Kleftis,"Tsaki, Mikros Kleftis",DVMN BOI,https://www.youtube.com/watch?v=Ct1ga8C5yhs,,,0.011,underground rap; trap
GR0021,Ta Sinefa Fevgoune,143,04:05:00,2026,Enoxoi Kai Athooi ,Logos Timis,Logos Timis,,https://www.youtube.com/watch?v=zg1cHm-Vizc,,,0.000,underground rap; hip hop
GR0022,Gi Kai Nero,145,04:06:00,2026,Enoxoi Kai Athooi ,Logos Timis,Logos Timis,,https://www.youtube.com/watch?v=WASEbFQR1mk,,,0.437,underground rap; hip hop
GR0023,Maggisa,174,03:42:00,2016,Perierga Paidia ,Logos Timis,"Koraki, Hiphopathis, Eleuthero Pneuma",Tokesick,https://www.youtube.com/watch?v=6JE1lR1lTIc,,,0.203,underground rap; hip hop
GR0024,Mazi Se Afto,92,03:29:00,2016,Perierga Paidia ,Logos Timis,"Eleuthero Pneuma, Hiphopathis, Koraki",Tokesick,https://www.youtube.com/watch?v=9MjX037pigE,,,0.192,underground rap; hip hop
GR0025,Ta Skylia,89,04:13:00,2016,Perierga Paidia ,Logos Timis,Logos Timis,Sativa Music,https://www.youtube.com/watch?v=RAgwHnRwAyA,,,0.000,underground rap; hip hop
GR0026,I Favela,80,04:11:00,2015,I Favela ,Tzamal,Tzamal,Dof Twogee,https://www.youtube.com/watch?v=GuDqHwoCGl0,,,0.075,underground rap; hip hop
GR0027,I Aftoi I Emeis,77,03:04:00,2015,I Favela ,Tzamal,"KANON (GRC), Tzamal",Dof Twogee,https://www.youtube.com/watch?v=KwQoe4UlQT4,,,0.16,underground rap; hip hop
GR0028,To Tatouaz,107,02:37:00,2015,I Favela ,Tzamal,Tzamal,Asto Pasam,https://www.youtube.com/watch?v=JQWSYK6yB5g,,,1.867,underground rap; hip hop
GR0029,Ta Oneira Kostizoun - Outro,77,03:37:00,2015,I Favela ,Tzamal,Tzamal,DJ Aldow,https://www.youtube.com/watch?v=LrK7-mtKwSM,,,0.043,underground rap; hip hop
GR0030,Toronto,99,02:55:00,2021,SESSIONS,Dof Twogee,Bloody Hawk,Dof Twogee,https://www.youtube.com/watch?v=SsEizVg9ZR4,,,0.085,drill; hip hop
GR0031,DIDGERIDOO,155,03:21:00,2025,KYSIΩN SOCIATUS ,duKYS,"DuKYS, Billy Sio",Lil Riico,https://www.youtube.com/watch?v=9meWmo2vN4c,,,0.043,trap
GR0032,Athens Boys,147,02:01:00,2024,Millennials ,Ethismos,Ethismos,Golden Child (GRC),https://www.youtube.com/watch?v=9zsPMzu7-ak,,,0.000,underground rap; drill
GR0033,Cash Flow,116,03:11:00,2024,Millennials ,Ethismos,Ethismos,Solid,https://www.youtube.com/watch?v=P_dkUIF2lj4,,,0.000,underground rap; drill
GR0034,Documento,143,03:36:00,2024,Millennials ,Ethismos,Ethismos,Melow (GRC),https://www.youtube.com/watch?v=2moZsVSK9_s,,,0.032,underground rap; drill
GR0035,El Trafico,140,03:48:00,2020,,Ethismos,Ethismos,Golden Child (GRC),https://www.youtube.com/watch?v=t6lrqp9gui8,,,0.117,underground rap; drill
GR0036,Fck Em All,139,03:30:00,2024,Millennials,Ethismos,Ethismos,Mike G (GRC),https://www.youtube.com/watch?v=-ysKFBGmoiI,,,0.000,underground rap; trap; drill
GR0037,Paidi Tou 2000,151,02:49:00,2024,Millennials ,Ethismos,Ethismos,Tr4cer,https://www.youtube.com/watch?v=B7ohps3xJIY,,,0.000,underground rap; drill
GR0038,Polybag,147,03:18:00,2024,Millennials,Ethismos,Ethismos,Tr4cer,https://www.youtube.com/watch?v=w9mTatmSBTo,,,0.192,underground rap; drill
GR0039,Harika,109,03:03:00,2021,PSTKN EP ,Expe,"Cron (GRC), Vito Soprano, Expe (GRC)","Vito Soprano, Cron (GRC)",https://www.youtube.com/watch?v=VIzTJegwMEs,,,0.096,underground rap
GR0040,Monoi mas,120,04:01:00,2021,PSTKN EP ,Expe,Expe (GRC),Bipolar Jones,https://www.youtube.com/watch?v=aWD31-7ibbc,,,0.171,underground rap
GR0041,Omi,120,05:11:00,2021,,Expe,Expe (GRC),ZEMO (GRC),https://www.youtube.com/watch?v=Pd0HAVLXoDI,,,0.171,underground rap
GR0042,Oneiro Vroxi,68,02:40:00,2015,Crime Alley,Joker/Two-Face,"Tsaki, Styl Mo",Mani (GRC),https://www.youtube.com/watch?v=MI23rMRYIlU,,,0.064,underground rap; trap; hip hop
GR0043,Spasto,108,03:06:00,2016,VERTIGO EP,Joker/Two-Face,"Tsaki, Styl Mo",Alleyway Rats,https://www.youtube.com/watch?v=ncB7cCO5J-E,,,0.096,underground rap; trap; hip hop
GR0044,MAESTRO,141,02:59:00,2022,MAESTRO,Ladele,LADELE,Quicksilver (GRC),https://www.youtube.com/watch?v=T3_8j7Xmmc8,,,0.043,underground rap
GR0046,2017,86,03:37:00,2018,2XXX,LEX,LEX (GRC),"The Damned United, Dof Twogee",https://www.youtube.com/watch?v=ywqPveaLu3M,,,0.000,trap; drill; hip hop
GR0047,Diastimoploia,89,03:03:00,2018,2XXX,LEX,LEX (GRC),"The Damned United, Dof Twogee",https://www.youtube.com/watch?v=OA3_cOpftzE,,,0.021,trap; drill; hip hop
GR0048,Fraxtis,176,03:37:00,2014,Tapeinoi kai Peinasmenoi,LEX,LEX (GRC),"Dof Twogee, Skive",https://www.youtube.com/watch?v=f6Cfzsr0pFM,,,0.075,trap; drill; hip hop
GR0049,Granites Kai Tsigara,86,04:58:00,2018,2XXX,LEX,"Filipone, LEX (GRC)","The Damned United, Dof Twogee",https://www.youtube.com/watch?v=Qm8fQqmLtd0,,,0.16,trap; drill; hip hop
GR0050,Korakia,172,03:44:00,2018,2XXX,LEX,LEX (GRC),"The Damned United, Dof Twogee",https://www.youtube.com/watch?v=wU5_AEVyOI0,,,0.021,trap; drill; hip hop
GR0051,Mpompan,86,03:55:00,2018,2XXX,LEX,LEX (GRC),"The Damned United, Dof Twogee",https://www.youtube.com/watch?v=ZXeJZAaOV18,,,0.021,trap; drill; hip hop
GR0052,Pafsipona,114,05:16:00,2018,2XXX,LEX,"LEX (GRC), SADAM (GRC)","The Damned United, Dof Twogee",https://www.youtube.com/watch?v=syneo5h98Q4,,,0.021,trap; drill; hip hop
GR0053,Paidia Tou Pagetou,168,03:48:00,2016,,LEX,LEX (GRC),Asto Pasam,https://www.youtube.com/watch?v=3RF1eH0z3gE,,,0.309,underground rap; trap
GR0054,Polikatoikies,79,03:36:00,2018,2XXX,LEX,LEX (GRC),"The Damned United, Dof Twogee",https://www.youtube.com/watch?v=s0iHu9St98c,,,0.043,trap; drill; hip hop
GR0055,Vittorio,82,03:55:00,2018,2XXX,LEX,LEX (GRC),"Tyler Rydosz, The Damned United, Dof Twogee",https://www.youtube.com/watch?v=lq7d6l9UYxE,,,0.021,trap; drill; hip hop
GR0057,Death Before Dishonor,120,02:23:00,2024,,Light,"Light, Kidd",,https://www.youtube.com/watch?v=ctWMrzeVtvI,,,0.021,trap; hip hop
GR0058,Drive By,99,03:13:00,2023,,Light,"Light, Alitiz",MUNEYLXRD,https://www.youtube.com/watch?v=EQR_OmaZcxU,,,2.912,trap; hip hop
GR0062,Filakes,168,03:36:00,2020,,Strat,"Strat, Mad Clip","Quintin Johnson, BeTaf Beats",https://www.youtube.com/watch?v=AUKzhRgja5E,,,9.344,trap; drill; hip hop
GR0063,Hustla,143,03:54:00,2019,,Mad Clip,Mad Clip,"Gosei, DJ Stephan",https://www.youtube.com/watch?v=Hw6RFGzbc5Y,,,2.795,trap; hip hop
GR0064,Meta Tis 10,97,02:12:00,2024,Multiverse,Mpelafon,"LADELE, Mpelafon",Mpelafon,https://www.youtube.com/watch?v=uqeEwCBKIrU,,,0.053,underground rap
GR0065,GreeKs,145,02:29:00,2026,,Negros Tou Moria,"Dennis Green, Negros Tou Moria",Dennis Green,https://www.youtube.com/watch?v=mCYdimWDgE8,,,0.000,trap; drill; hip hop
GR0066,Samatas,156,02:44:00,2025,MAVRI ELLADA,Negros Tou Moria,Negros Tou Moria,"Danny Brasco, Serko Fu",https://www.youtube.com/watch?v=I1NsACmB2rg,,,0.117,underground rap; hip hop
GR0067,PragmatiKotita,99,02:44:00,2025,MAVRI ELLADA,Negros Tou Moria,Negros Tou Moria,Evan SBK,https://www.youtube.com/watch?v=T3izZKEUmGg,,,0.064,underground rap; hip hop
GR0068,Kapos Allios vol.12,95,03:07:00,2025,MAVRI ELLADA,Negros Tou Moria,"Negros Tou Moria, Bloody Hawk",Ody Doze,https://www.youtube.com/watch?v=xfH6WJGXBzc,,,0.181,hip hop
GR0069,IC (INVIDIA),126,02:01:00,2023,THRASOS,Negros Tou Moria,Negros Tou Moria,Kest (GRC),https://www.youtube.com/watch?v=C3hxjHEIGIQ,,,0.608,hip hop
GR0070,TO YPOGEIO (STIN YPOGA),122,02:23:00,2023,THRASOS,Negros Tou Moria,"Negros Tou Moria, Hatemost",Ody Doze,https://www.youtube.com/watch?v=VF9PKkZgFy4,,,2.091,underground rap; trap; hip hop
GR0071,AKOLOUTHOS,135,02:49:00,2023,THRASOS,Negros Tou Moria,Negros Tou Moria,Ody Doze,https://www.youtube.com/watch?v=xkcXlUTtohg,,,0.021,hip hop
GR0073,F16,120,03:05:00,2024,EGO THERAPY,RACK,"RACK, Dani Gambino",Beyond (GRC),https://www.youtube.com/watch?v=81fpqn-3n7s,,,0.021,trap; drill; hip hop
GR0075,GIA TI FANELA,86,03:24:00,2024,EGO THERAPY,RACK,"RACK, Bloody Hawk",Beyond (GRC),https://www.youtube.com/watch?v=dzQ735WanaI,,,0.139,trap; drill; hip hop
GR0076,MA BELLA,101,02:52:00,2024,EGO THERAPY,RACK,"RACK, Toquel",Beyond (GRC),https://www.youtube.com/watch?v=JAiqjVwFbos,,,0.021,trap; drill; hip hop
GR0077,Intro,139,03:54:00,2024,Golgothas,Sadam,SADAM (GRC),Dof Twogee,https://www.youtube.com/watch?v=PZ0m9NqHQNo,,,0.000,underground rap; trap; drill; hip hop
GR0078,Ekato,125,03:27:00,2024,Golgothas,Sadam,"SADAM (GRC), HGEMONA$",Mike G (GRC),https://www.youtube.com/watch?v=ZKdAoSodxOM,,,0.000,underground rap; trap; drill
GR0079,Skg Mecca,99,02:31:00,2024,Golgothas,Sadam,"SADAM (GRC), Tsaki","Ortiz, Dof Twogee",https://www.youtube.com/watch?v=ukwR5xLRqx0,,,0.011,underground rap; trap; drill; hip hop
GR0080,Hardcore,92,04:20:00,2016,I Texni tis Epiviosis,Sadomas,"Tzamal, LEX (GRC), Sadomas",Phaser (GRC),https://www.youtube.com/watch?v=6vblwguWWl0,,,0.075,underground rap; trap; hip hop
